{"name":"分裂觀測儀","icon":"naturesaura:slime_split_generator","category":"naturesaura:creating","advancement":"naturesaura:infused_materials","pages":[{"type":"text","text":"$(thing)史莱姆$()和$(thing)岩漿立方怪$()是獨特的存在。在受到足夠傷害時，它們會$(thing)分裂$()成更小版本的自己，與身體中細胞分裂的方式很類似。這種自然過程可以被$(item)分裂觀測儀$()利用：當這類生物在其附近分裂時，新增的熵會被消耗，並向周圍環境散布$(aura-zh-cn)。"},{"type":"text","text":"無需多言，產生$(aura-zh-cn)的具體數量會依據生物的$(thing)大小$()和$(thing)稀有度$()而不同。$(br)還應指出的是，在$(item)分裂觀察儀$()散播靈氣的途中，再使額外的生物進行分裂不會產生額外的$(aura-zh-cn)。"},{"type":"crafting","recipe":"naturesaura:slime_split_generator","text":"製作$(item)分裂觀測儀$()"}]}