{"name":"挖掘加速","icon":"minecraft:textures/mob_effect/haste.png","category":"apotheosis:potion/recipes","flag":"apotheosis:potion","sortnum":1,"pages":[{"type":"patchouli:text","text":"$(9)挖掘加速$()是另一種非常實用的效果，在原版 Minecraft 當中沒有合成配方。$(p)每級能額外 +20% 挖掘速度。"},{"type":"patchouli:spotlight","title":"釀造配方","item":"minecraft:mushroom_stew","text":"這種藥水可以使用普通藥水，以及一些蘑菇湯合成。$(p)該效果可以使用一般材料，進一步延長持續時間、增強效果等級，或製作成飛濺藥水。"}]}