{"name":"磨粉機","icon":"thermal:machine_pulverizer","category":"thermal:machines","read_by_default":true,"flag":"mod:thermal_expansion","pages":[{"type":"patchouli:text","text":"磨粉機是一種粉碎物品和礦石的機器。欲提高礦石產量，可以使用增強元件和$(l:thermal:world/materials/catalysts)催化劑$(/l)進一步提升。"},{"type":"thermal:double_crafting_page","A.recipe":"thermal:machine_pulverizer","title":"磨粉機"},{"type":"patchouli:text","title":"增強元件相容性","text":"$(li)$(l:thermal:technology/augments/integral_components)整合元件$(/l)$(li)$(l:thermal:technology/augments/item_filter)物品篩選器$(/l)$(li)$(l:thermal:technology/augments/xp_storage)知識濃縮器$(/l)$(li)$(l:thermal:technology/augments/rf_coil)擴展通量線圈$(/l)$(li)$(l:thermal:technology/augments/rf_coil_storage)穩態通量線圈$(/l)$(li)$(l:thermal:technology/augments/rf_coil_xfer)強導通量線圈$(/l)$(li)$(l:thermal:technology/augments/machine_speed)通量鏈結放大器$(/l)$(li)$(l:thermal:technology/augments/machine_efficiency)通量效率升級器$(/l)$(li)$(l:thermal:technology/augments/machine_output)輔助處理篩$(/l)$(li)$(l:thermal:technology/augments/machine_catalyst)催化回收室$(/l)"}]}