{"name":"生怪磚改造","icon":"minecraft:clock","category":"apotheosis:spawner/spawner","flag":"apotheosis:spawner","sortnum":1,"pages":[{"type":"patchouli:text","text":"在閱讀有關$(l:apotheosis:spawner/stats)生怪磚屬性$()的資訊後，你可能會想知道如何對生怪磚進行改造。$(p)這就是$(9)生怪磚改造$()的用途，這是一種用於編輯生怪磚的系統。$(p)每項改造由最多 2 個物品組成，並可以對生怪磚的屬性產生特定的變化。"},{"type":"patchouli:text","title":"檢視改造","text":"每項改造都能在 JEI 上查詢到。$(p)你可以透過查詢$(9)生怪磚$()的用途與合成配方，或是查看改造材料的用途，來存取這些改造頁面。$(p)這些頁面有相當多的工具提示，請務必仔細看看。"},{"type":"patchouli:text","title":"註記方式","text":"在 JEI 中，屬性變化會顯示為$(br)$(9)+/- X 屬性$()。$(p)有些屬性沒有數值，因此它們會顯示為 $(9)+/- 屬性$()。$(p)在工具提示中，非數值的屬性如果未啟用，則不會顯示出來。"},{"type":"patchouli:text","title":"改造限制","text":"某些改造不能使屬性低於或高於特定值。$(p)這些限制將在 JEI 頁面中，特定屬性的工具提示上註明。$(p)這些限制是每種屬性個別獨有的，因此一項改造的限制，可能會與另一相同屬性的改造限制不相同。"},{"type":"patchouli:text","title":"進行改造","text":"要對生怪磚進行改造，只需將相應的物品拿在手上，然後對著$(9)生怪磚$()點擊右鍵。$(p)若成功進行了改造，則手上的物品將會被消耗。$(p)主要物品總是會被消耗，但次要物品則不一定會。"},{"type":"patchouli:text","text":"即使 JEI 上指出物品必須拿在特定手上，但這其實不是必須的。$(p)無論你把物品拿在哪隻手上，都可以對生怪磚進行改造。"}]}