{"name":"植物學家的盔甲","icon":"naturesaura:infused_iron_chest","category":"naturesaura:items","advancement":"naturesaura:infused_materials","pages":[{"type":"text","text":"在他們的$(l:items/infused_iron_tools)工具$()之外，一個植物學家也能通過盔甲獲得保護，特別是$(item)植物學家的盔甲$()。除了和鐵盔甲差不多的保護性能外，它還能讓自身損失的耐久回復，只需要在擁有$(l:items/aura_cache)靈氣快取$()時潛行即可。這一點和同類工具類似。除此之外，盔甲還有在一次穿齊全套時生效的$(thing)套裝加成$()。"},{"type":"text","text":"穿戴者穿齊盔甲時如果被生物攻擊，攻擊者會被造成短暫的$(item)凋零$()效果，以類似尖刺附魔的方式造成傷害。$(br)此外，穿著全套盔甲時使用$(l:items/shockwave_creator)狂怒護身符$()也會對被護身符效果擊中的任何生物造成短暫的凋零效果。"},{"type":"crafting","recipe":"naturesaura:infused_helmet","recipe2":"naturesaura:infused_chest"},{"type":"crafting","recipe":"naturesaura:infused_pants","recipe2":"naturesaura:infused_shoes"}]}