{"name":"不朽友情之證明","icon":"naturesaura:pet_reviver","category":"naturesaura:items","advancement":"naturesaura:sky_ingot","pages":[{"type":"text","text":"擁有$(thing)寵物$()是一情緒上的重擔，因為它們死於怪物或者熱熔岩的機率高得驚人。魔法植物學家們在很長時間裡也不得不面對這個問題，直到它們發現了$(item)不朽友情之證明$()的力量。在對任何$(thing)已馴服動物$()使用後，該動物便永遠不會死亡。"},{"type":"text","text":"與死亡相反，當動物的生命低到達了危險的地步，它就會被$(thing)送回家$()，回到主人通常復活的地方。這個過程會消耗家周圍相當大量的$(aura-zh-cn)。$(br)在給予了這個特殊證明後，動物還會經常冒出愛心，來表達它們的快樂。"},{"type":"crafting","text":"製作$(item)不朽友情之證明$()","recipe":"naturesaura:pet_reviver"}]}