{"name":"壓縮能源爐","icon":"thermal:dynamo_compression","category":"thermal:dynamos","read_by_default":true,"flag":"mod:thermal_expansion","pages":[{"type":"patchouli:text","text":"壓縮能源爐使用樹油等可燃液體燃料產生紅石通量。"},{"type":"thermal:double_crafting_page","A.recipe":"thermal:dynamo_compression","title":"壓縮能源爐"},{"type":"patchouli:text","title":"增強元件相容性","text":"$(li)$(l:thermal:technology/augments/integral_components)整合元件$(/l)$(li)$(l:thermal:technology/augments/fluid_tank)擴容儲罐構造$(/l)$(li)$(l:thermal:technology/augments/dynamo_output)輔助反應室$(/l)$(li)$(l:thermal:technology/augments/dynamo_fuel)多週期泵注器$(/l)"}]}