{"name":"入門","icon":"minecraft:writable_book","category":"productivebees:guide","pages":[{"type":"patchouli:text","text":"《生產蜜蜂模組》是建立在原版的蜜蜂養殖上, 本手冊假定讀者對原版的蜜蜂系統已有一些了解。"},{"type":"patchouli:text","text":"除了一般的蜜蜂以外, 你還會遇到各種新的蜜蜂, 牠們隱蔽在世界各地不同生態域的$(l:hives/nests)巢穴$(/l)中。這些都是獨居的蜜蜂, 因此並不會住在蜂箱內, 不過牠們的基因可用來繁殖各式各樣的蜜蜂, 而且牠們看起來很酷。"},{"type":"patchouli:text","text":"首先你必須找到原版的蜂窩以獲取一些蜂蜜瓶及蜂巢。蜂蜜瓶是製作《$(l:items/bee_cage)蜜蜂籠$(/l)》的必需品, 它可讓你輕鬆的捕捉蜜蜂帶回家。"},{"type":"patchouli:text","text":"一旦收集足夠的蜂巢, 你就可以建造$(l:hives/advanced_hives)進階蜂箱$(/l)和$(l:hives/expansion_boxes)擴充箱$(/l)。$(l:hives/advanced_hives)進階蜂箱$(/l)可以讓你看見內部, 以關注你的蜜蜂及其產物。"},{"type":"patchouli:text","text":"有些蜜蜂只能在其它世界找到, 或經由配種而得。可利用 JEI 來查詢配種方式, 這樣才知道你需要找到哪種蜜蜂。"}]}