{
	"credit": "Made by M_zhuangshao with Blockbench",
	"parent": "block/block",
	"textures": {
		"mlayer": "block/layer/high_light",
		"particle": "#all"
	},
	"elements": [
		{
			"from": [0.01, 0.01, 0.01],
			"to": [15.99, 15.99, 15.99],
			"faces": {
				"north": {"uv": [0, 0, 16, 16], "texture": "#all", "cullface": "north", "tintindex": 0},
				"east": {"uv": [0, 0, 16, 16], "texture": "#all", "cullface": "east", "tintindex": 0},
				"south": {"uv": [0, 0, 16, 16], "texture": "#all", "cullface": "south", "tintindex": 0},
				"west": {"uv": [0, 0, 16, 16], "texture": "#all", "cullface": "west", "tintindex": 0},
				"up": {"uv": [0, 0, 16, 16], "texture": "#all", "cullface": "up", "tintindex": 0},
				"down": {"uv": [0, 0, 16, 16], "texture": "#all", "cullface": "down", "tintindex": 0}
			}
		},
		{
			"from": [0.5, 15.5, 0],
			"to": [15.5, 16, 0.5],
			"rotation": {"angle": 0, "axis": "y", "origin": [8, 8, 8]},
			"faces": {
				"north": {"uv": [1, 0, 15, 1], "texture": "#mlayer", "cullface": "north", "tintindex": 0},
				"up": {"uv": [1, 0, 15, 1], "texture": "#mlayer", "cullface": "up", "tintindex": 0}
			}
		},
		{
			"from": [15.5, 15.5, 0.5],
			"to": [16, 16, 15.5],
			"rotation": {"angle": 0, "axis": "y", "origin": [8, 8, 8]},
			"faces": {
				"east": {"uv": [1, 0, 15, 1], "texture": "#mlayer", "cullface": "east", "tintindex": 0},
				"up": {"uv": [15, 1, 16, 15], "texture": "#mlayer", "cullface": "up", "tintindex": 0}
			}
		},
		{
			"from": [0.5, 15.5, 15.5],
			"to": [15.5, 16, 16],
			"rotation": {"angle": 0, "axis": "y", "origin": [8, 8, 8]},
			"faces": {
				"south": {"uv": [1, 0, 15, 1], "texture": "#mlayer", "cullface": "south", "tintindex": 0},
				"up": {"uv": [1, 15, 15, 16], "texture": "#mlayer", "cullface": "up", "tintindex": 0}
			}
		},
		{
			"from": [0, 15.5, 0.5],
			"to": [0.5, 16, 15.5],
			"rotation": {"angle": 0, "axis": "y", "origin": [8, 8, 8]},
			"faces": {
				"west": {"uv": [1, 0, 15, 1], "texture": "#mlayer", "cullface": "west", "tintindex": 0},
				"up": {"uv": [0, 1, 1, 15], "texture": "#mlayer", "cullface": "up", "tintindex": 0}
			}
		},
		{
			"from": [0, 0, 0],
			"to": [0.5, 16, 0.5],
			"rotation": {"angle": 0, "axis": "y", "origin": [8, 8, 8]},
			"faces": {
				"north": {"uv": [15, 0, 16, 16], "texture": "#mlayer", "cullface": "north", "tintindex": 0},
				"west": {"uv": [0, 0, 1, 16], "texture": "#mlayer", "cullface": "west", "tintindex": 0},
				"up": {"uv": [0, 0, 1, 1], "texture": "#mlayer", "cullface": "up", "tintindex": 0},
				"down": {"uv": [0, 15, 1, 16], "texture": "#mlayer", "cullface": "down", "tintindex": 0}
			}
		},
		{
			"from": [15.5, 0, 0],
			"to": [16, 16, 0.5],
			"rotation": {"angle": 0, "axis": "y", "origin": [8, 8, 8]},
			"faces": {
				"north": {"uv": [0, 0, 1, 16], "texture": "#mlayer", "cullface": "north", "tintindex": 0},
				"east": {"uv": [15, 0, 16, 16], "texture": "#mlayer", "cullface": "east", "tintindex": 0},
				"up": {"uv": [15, 0, 16, 1], "rotation": 90, "texture": "#mlayer", "cullface": "up", "tintindex": 0},
				"down": {"uv": [15, 15, 16, 16], "rotation": 270, "texture": "#mlayer", "cullface": "down", "tintindex": 0}
			}
		},
		{
			"from": [15.5, 0, 15.5],
			"to": [16, 16, 16],
			"rotation": {"angle": 0, "axis": "y", "origin": [8, 8, 8]},
			"faces": {
				"east": {"uv": [0, 0, 1, 16], "texture": "#mlayer", "cullface": "east", "tintindex": 0},
				"south": {"uv": [15, 0, 16, 16], "texture": "#mlayer", "cullface": "south", "tintindex": 0},
				"up": {"uv": [15, 15, 16, 16], "rotation": 180, "texture": "#mlayer", "cullface": "up", "tintindex": 0},
				"down": {"uv": [15, 0, 16, 1], "rotation": 180, "texture": "#mlayer", "cullface": "down", "tintindex": 0}
			}
		},
		{
			"from": [0, 0, 15.5],
			"to": [0.5, 16, 16],
			"rotation": {"angle": 0, "axis": "y", "origin": [8, 8, 8]},
			"faces": {
				"south": {"uv": [0, 0, 1, 16], "texture": "#mlayer", "cullface": "south", "tintindex": 0},
				"west": {"uv": [15, 0, 16, 16], "texture": "#mlayer", "cullface": "west", "tintindex": 0},
				"up": {"uv": [0, 15, 1, 16], "rotation": 270, "texture": "#mlayer", "cullface": "up", "tintindex": 0},
				"down": {"uv": [0, 0, 1, 1], "rotation": 90, "texture": "#mlayer", "cullface": "down", "tintindex": 0}
			}
		},
		{
			"from": [0, 0, 0.5],
			"to": [0.5, 0.5, 15.5],
			"rotation": {"angle": 0, "axis": "y", "origin": [8, 8, 8]},
			"faces": {
				"west": {"uv": [1, 15, 15, 16], "texture": "#mlayer", "cullface": "west", "tintindex": 0},
				"down": {"uv": [0, 1, 1, 15], "texture": "#mlayer", "cullface": "down", "tintindex": 0}
			}
		},
		{
			"from": [0.5, 0, 15.5],
			"to": [15.5, 0.5, 16],
			"rotation": {"angle": 0, "axis": "y", "origin": [8, 8, 8]},
			"faces": {
				"south": {"uv": [1, 15, 15, 16], "texture": "#mlayer", "cullface": "south", "tintindex": 0},
				"down": {"uv": [1, 0, 15, 1], "texture": "#mlayer", "cullface": "down", "tintindex": 0}
			}
		},
		{
			"from": [15.5, 0, 0.5],
			"to": [16, 0.5, 15.5],
			"rotation": {"angle": 0, "axis": "y", "origin": [8, 8, 8]},
			"faces": {
				"east": {"uv": [1, 15, 15, 16], "texture": "#mlayer", "cullface": "east", "tintindex": 0},
				"down": {"uv": [15, 1, 16, 15], "texture": "#mlayer", "cullface": "down", "tintindex": 0}
			}
		},
		{
			"from": [0.5, 0, 0],
			"to": [15.5, 0.5, 0.5],
			"rotation": {"angle": 0, "axis": "y", "origin": [8, 8, 8]},
			"faces": {
				"north": {"uv": [1, 15, 15, 16], "texture": "#mlayer", "cullface": "north", "tintindex": 0},
				"down": {"uv": [1, 15, 15, 16], "texture": "#mlayer", "cullface": "down", "tintindex": 0}
			}
		}
	],
	"groups": [
		0,
		{
			"name": "group",
			"origin": [8, 8, 8],
			"color": 0,
			"children": [1, 2, 3, 4, 5, 6, 7, 8, 9, 10, 11, 12]
		}
	]
}