{"title":"特性","text":[{"text":"《特性》是工具在製作出來時就具有的能力。它們來自於優越的品質、契合的魔法,或是在工具中注入了充足的能量,使其展現出非凡的屬性。"},{"text":"有兩種基本類型的特性:\n§l材料特性§r來自於工具上各個部件所選的材料,\n而§l工具特性§r則為各種工具本身就具有的。","paragraph":true},{"text":"本書和 Thruul M'Gon 所著的\n『初級冶煉』、『高級冶煉』兩本書,\n以及 Nemea 所著的『神奇鑄造爐』,\n都涵蓋了各等級的材料特性列表。\n而工具特性則可在本書及『高級冶煉』中找到。","paragraph":true}]}