{"title":"修復","grid_size":"small","grid":[[{"type":"forge:nbt","item":"tconstruct:pickaxe","nbt":{"tic_broken":false,"tic_display":true,"Damage":70,"tic_materials":["tconstruct:ui_render#head","tconstruct:ui_render#handle","tconstruct:ui_render#extra"],"tic_stats":{"tconstruct:durability":100}}},"tconstruct:repair_kit"]],"result":{"type":"forge:nbt","item":"tconstruct:pickaxe","nbt":{"tic_broken":false,"tic_display":true,"Damage":10,"tic_materials":["tconstruct:ui_render#head","tconstruct:ui_render#handle","tconstruct:ui_render#extra"],"tic_stats":{"tconstruct:durability":100}}},"description":[{"text":"修復工具是相當重要的事,除非你想讓它壞掉。 將工具和其頭端的材料放上§l打鐵組裝臺§r或\n§l打鐵加工臺§r就能將其修復。\n你也可以將工具和§l磨刀器§r合成來進行修復！","paragraph":true}]}