{"name":"採集臺","icon":"productivebees:feeder","category":"productivebees:blocks","pages":[{"type":"patchouli:spotlight","item":"productivebees:feeder","text":"用來供給蜜蜂的採集點, 上面可以放三樣物品。當《木料蜂》或《採石蜂》使用這個時, 擺放了多種木料或石頭只會隨機採集其中一種。"},{"type":"patchouli:text","text":"《採集臺》可作為蜂蜜浸泡池, 提供工作一整天的蜜蜂一個泡腳恢復元氣的好地方, 也就是蜜蜂回血臺。"},{"type":"patchouli:text","text":"由於$(l:items/upgrades#simulator)模擬蜂箱$(/l)只能採集一個方塊上的花朵, 因此建議搭配採集臺來讓最多三種蜜蜂在蜂箱內工作。"}]}