{"name":"遙控引爆器","icon":"thermal:detonator","read_by_default":true,"category":"thermal:explosives","pages":[{"type":"patchouli:text","text":"遙控引爆器用於引爆，並且一次引爆多達 16 個炸藥！首先放置所有炸藥，然後用引爆器右鍵點擊每個炸藥。指示燈將變成黃色，表示至少有 1 個炸藥已啟動。接著可以將模式更改為引爆，此時指示燈將變為綠色，再次右鍵點擊將引爆所有已啟動的炸藥。"},{"type":"thermal:double_crafting_page","A.recipe":"thermal:tools/detonator","text":"按 \"$(k:cofh.mode_change_increment)\" 變更模式。"}]}