{"name":"擴充箱","icon":"productivebees:expansion_box_oak","category":"productivebees:hives","sortnum":3,"pages":[{"type":"patchouli:text","text":"《擴充箱》用來擴充進階蜂箱, 使蜂箱內的蜜蜂空間由三隻變成五隻。《擴充箱》可裝在進階蜂箱的上面或旁邊, 每個進階蜂箱只能附加一個《擴充箱》。"},{"type":"patchouli:crafting","recipe":"productivebees:boxes/expansion_box_oak"},{"type":"multiblock","name":"疊放擴充","multiblock":{"mapping":{"H":"productivebees:advanced_oak_beehive[expanded=up]","E":"productivebees:expansion_box_oak[expanded=up]"},"pattern":[["E"],["H"],["0"]],"symmetrical":true,"offset":[0,1,0]},"enable_visualize":false},{"type":"multiblock","name":"橫放擴充","multiblock":{"mapping":{"H":"productivebees:advanced_oak_beehive[expanded=left]","E":"productivebees:expansion_box_oak[expanded=left]"},"pattern":[["H","E"],["0"," "]],"symmetrical":true,"offset":[0,1,0]},"enable_visualize":false}]}