{"name":"巢穴","icon":"productivebees:oak_wood_nest","category":"productivebees:hives","sortnum":1,"pages":[{"type":"patchouli:text","text":"世界各地都能發現《巢穴》, 每個巢穴只能住一隻《獨居蜜蜂》。當巢穴被破壞時, 就算沒用絲綢之觸也會連同裡面的蜜蜂一起掉落, 若要清除巢穴中的蜜蜂及蜂卵, 只要用巢穴本身再合成一次即可。"},{"type":"patchouli:text","text":"將蜂蜜處方放入空的巢穴可吸引蜜蜂過來。拿著蜂蜜處方對著巢穴點擊滑鼠右鍵會開始倒數增生等待時間。"}]}