{"name":"藥水箭袋","icon":"thermal:potion_quiver","category":"thermal:tools","read_by_default":true,"flag":"mod:thermal_innovation","pages":[{"type":"patchouli:text","text":"用於儲存和灌注具有藥水效果的箭。右鍵點擊你手中的箭袋，將箭矢從你的物品欄轉移到箭袋中。按 \"$(k:cofh.mode_change_increment)\" 切換灌注，每個箭矢需要 50mb 儲存的 $(l:thermal:technology/potion_fluid)藥水溶液$(/l)。可以在工匠工作台中填充和增強箭袋。"},{"type":"thermal:double_crafting_page","A.recipe":"thermal:potion_quiver","title":"藥水箭袋","text":"它可以被附魔$(l:thermal:world/holding)擴容$(/l)以提高流體容量。"},{"type":"patchouli:text","title":"增強元件相容性","text":"$(li)$(l:thermal:technology/augments/integral_components)整合元件$(/l)$(li)$(l:thermal:technology/augments/fluid_tank)擴容儲罐構造$(/l)$(li)$(l:thermal:technology/augments/potion_amplifier)煉金放大器$(/l)$(li)$(l:thermal:technology/augments/potion_duration)煉金延時器$(/l)"}]}