{"name":"紅石通量單元","icon":"thermal:energy_cell","read_by_default":true,"flag":"mod:thermal_expansion","category":"thermal:storage","pages":[{"type":"patchouli:text","text":"紅石通量單元可用於儲存和分配紅石通量 (RF)。每側都可以設定為輸入/輸出能量，單元可以設定為自動輸入/輸出。紅石通量單元以 1,000,000RF 儲存容量和 1,000RF/t 最大輸入/輸出開始，可以使用增強元件進行改良。提供與飽滿程度成比例的比較器輸出。"},{"type":"thermal:double_crafting_page","A.recipe":"thermal:energy_cell_frame","B.recipe":"thermal:energy_cell"},{"type":"patchouli:text","text":"可以精確設定紅石通量單元的傳輸速率。在 GUI 中，紅石通量量測計的兩側是輸入和輸出傳輸速率。這些可以使用 \"+\" 和 \"-\" 按鈕手動設定，以精確控制紅石通量傳輸速率。左/右鍵點擊將以每刻 50/10 RF 的比率更改。Ctrl + 點擊以 5/1 的比率更改。Shift + 點擊以 1000/100 的比率更改。Ctrl + Shift + 點擊以 10k/1k 的比率更改。"},{"type":"patchouli:text","title":"增強元件相容性","text":"$(li)$(l:thermal:technology/augments/integral_components)整合元件$(/l)$(li)$(l:thermal:technology/augments/rf_coil)擴展通量線圈$(/l)$(li)$(l:thermal:technology/augments/rf_coil_storage)穩態通量線圈$(/l)$(li)$(l:thermal:technology/augments/rf_coil_xfer)強導通量線圈$(/l)"}]}