{"title":"史萊姆黏液蛋糕","image":{"file":"tconstruct:book/images/cake.png","width":180,"height":67},"text":[{"text":"我發現史萊姆黏液草可以代替小麥來做蛋糕,然後再搭配史萊姆黏液做成的獨特風味糖霜。這些蛋糕雖然不是最好吃,但是我發現在吃下天空史萊姆黏液蛋糕後,可以暫時跳得更高,而吃下岩漿立方怪蛋糕,可以使我不受火焰影響,我想再看看吃下終界史萊姆黏液蛋糕或陸地史萊姆黏液蛋糕後會發生什麼事..."}]}