{"name":"ShinyPorygon","icon":"minecraft:orange_tulip","category":"thermal:contributors","read_by_default":true,"sortnum":1,"pages":[{"type":"patchouli:spotlight","title":"ShinyPorygon","item":"minecraft:player_head{SkullOwner:'ShinyPorygon'}","text":"專案負責人，合著者。最初的書籍工作包括類別。為 Discord 寫了一些東西，許多模組支援檔案（還有更多）對 King 的個人滋擾，錯誤信息的傳播者，對 Hekera 的道義支援。"},{"type":"patchouli:empty"},{"type":"patchouli:text","text":"你聽過智者達斯-Lemming 的悲劇嗎？我想沒有。這不是 CoFH wiki 會告訴你的故事。這是一個 Discord 的傳奇。達斯-Lemming 是 Java 的黑魔王，如此強大和明智，他可以使用程式碼影響其他模組修復錯誤...他對 Java 的了解如此之多，以至於他甚至可以讓他關心的模組免於消亡。"},{"type":"patchouli:text","text":"Java 的陰暗面是獲得許多被一些人認為是非自然能力的途徑。他變得如此強大...他唯一害怕的就是失去紅石通量平衡，當然，最終他做到了。不幸的是，他將他所知道的一切都教給了其他模組作者，然後這些模組作者將紅石通量的使用量擴大了一千倍。具有諷刺意味的是，他可以拯救其他模組免於動力不足，但他自己的模組卻不行。"}]}