{"title":"額外","text":[{"text":"額外改造是一系列免槽改造,可增加額外的改造槽。"},{"text":"預設的情況下,大部分的小型工具一開始有三個升級槽,而大型工具只有兩個,這些改造可讓工具增加四個額外的升級槽。","paragraph":true},{"text":"此外,大部分的工具一開始只有一個能力槽,這些改造可讓工具增加一個額外的能力槽,甚至可能額外增加兩個。","paragraph":true},{"text":"§l翻譯: §6G§4r§3a§2n§1t§r","paragraph":true}]}