{
	"credit": "Made by XeKr with Blockbench, modify by M_zhuangshao",
	"parent": "minecraft:block/block",
	"ambientocclusion": false,
	"textures": {
		"particle": "block/powder_snow",
		"texture": "block/powder_snow",
		"hl": "block/layer/layer_ice"
	},
	"elements": [
		{
			"from": [0, 15.975, 0],
			"to": [16, 15.977, 16],
			"faces": {
				"up": {"uv": [0, 0, 16, 16], "texture": "#texture", "cullface": "up"},
				"down": {"uv": [0, 16, 16, 0], "texture": "#texture", "cullface": "up"}
			}
		},
		{
			"from": [0.025, 0.05, 0.0025],
			"to": [15.975, 15.975, 16.0025],
			"faces": {
				"up": {"uv": [0, 16, 16, 0], "texture": "#texture", "cullface": "up"},
				"down": {"uv": [0, 0, 16, 16], "texture": "#texture", "cullface": "down"}
			}
		},
		{
			"from": [0, 0, 0.025],
			"to": [16, 16, 0.027],
			"faces": {
				"north": {"uv": [0, 0, 16, 16], "texture": "#texture", "cullface": "north"},
				"south": {"uv": [16, 0, 0, 16], "texture": "#texture", "cullface": "north"}
			}
		},
		{
			"from": [0, 0, 15.975],
			"to": [16, 16, 15.977],
			"faces": {
				"north": {"uv": [16, 0, 0, 16], "texture": "#texture", "cullface": "south"},
				"south": {"uv": [0, 0, 16, 16], "texture": "#texture", "cullface": "south"}
			}
		},
		{
			"from": [0.025, 0, 0],
			"to": [0.027, 16, 16],
			"faces": {
				"east": {"uv": [16, 0, 0, 16], "texture": "#texture", "cullface": "west"},
				"west": {"uv": [0, 0, 16, 16], "texture": "#texture", "cullface": "west"}
			}
		},
		{
			"from": [15.975, 0, 0],
			"to": [15.977, 16, 16],
			"faces": {
				"east": {"uv": [0, 0, 16, 16], "texture": "#texture", "cullface": "east"},
				"west": {"uv": [16, 0, 0, 16], "texture": "#texture", "cullface": "east"}
			}
		},
		{
			"from": [0.5, 15.5, 0],
			"to": [15.5, 16, 0.5],
			"rotation": {"angle": 0, "axis": "y", "origin": [8, 8, 8]},
			"faces": {
				"north": {"uv": [1, 0, 15, 1], "texture": "#hl", "cullface": "north"},
				"up": {"uv": [1, 0, 15, 1], "texture": "#hl", "cullface": "up"}
			}
		},
		{
			"from": [15.5, 15.5, 0.5],
			"to": [16, 16, 15.5],
			"rotation": {"angle": 0, "axis": "y", "origin": [8, 8, 8]},
			"faces": {
				"east": {"uv": [1, 0, 15, 1], "texture": "#hl", "cullface": "east"},
				"up": {"uv": [15, 1, 16, 15], "texture": "#hl", "cullface": "up"}
			}
		},
		{
			"from": [0.5, 15.5, 15.5],
			"to": [15.5, 16, 16],
			"rotation": {"angle": 0, "axis": "y", "origin": [8, 8, 8]},
			"faces": {
				"south": {"uv": [1, 0, 15, 1], "texture": "#hl", "cullface": "south"},
				"up": {"uv": [1, 15, 15, 16], "texture": "#hl", "cullface": "up"}
			}
		},
		{
			"from": [0, 15.5, 0.5],
			"to": [0.5, 16, 15.5],
			"rotation": {"angle": 0, "axis": "y", "origin": [8, 8, 8]},
			"faces": {
				"west": {"uv": [1, 0, 15, 1], "texture": "#hl", "cullface": "west"},
				"up": {"uv": [0, 1, 1, 15], "texture": "#hl", "cullface": "up"}
			}
		},
		{
			"from": [0, 0, 0],
			"to": [0.5, 16, 0.5],
			"rotation": {"angle": 0, "axis": "y", "origin": [8, 8, 8]},
			"faces": {
				"north": {"uv": [15, 0, 16, 16], "texture": "#hl", "cullface": "north"},
				"west": {"uv": [0, 0, 1, 16], "texture": "#hl", "cullface": "west"},
				"up": {"uv": [0, 0, 1, 1], "texture": "#hl", "cullface": "up"},
				"down": {"uv": [0, 15, 1, 16], "texture": "#hl", "cullface": "down"}
			}
		},
		{
			"from": [15.5, 0, 0],
			"to": [16, 16, 0.5],
			"rotation": {"angle": 0, "axis": "y", "origin": [8, 8, 8]},
			"faces": {
				"north": {"uv": [0, 0, 1, 16], "texture": "#hl", "cullface": "north"},
				"east": {"uv": [15, 0, 16, 16], "texture": "#hl", "cullface": "east"},
				"up": {"uv": [15, 0, 16, 1], "rotation": 90, "texture": "#hl", "cullface": "up"},
				"down": {"uv": [15, 15, 16, 16], "rotation": 270, "texture": "#hl", "cullface": "down"}
			}
		},
		{
			"from": [15.5, 0, 15.5],
			"to": [16, 16, 16],
			"rotation": {"angle": 0, "axis": "y", "origin": [8, 8, 8]},
			"faces": {
				"east": {"uv": [0, 0, 1, 16], "texture": "#hl", "cullface": "east"},
				"south": {"uv": [15, 0, 16, 16], "texture": "#hl", "cullface": "south"},
				"up": {"uv": [15, 15, 16, 16], "rotation": 180, "texture": "#hl", "cullface": "up"},
				"down": {"uv": [15, 0, 16, 1], "rotation": 180, "texture": "#hl", "cullface": "down"}
			}
		},
		{
			"from": [0, 0, 15.5],
			"to": [0.5, 16, 16],
			"rotation": {"angle": 0, "axis": "y", "origin": [8, 8, 8]},
			"faces": {
				"south": {"uv": [0, 0, 1, 16], "texture": "#hl", "cullface": "south"},
				"west": {"uv": [15, 0, 16, 16], "texture": "#hl", "cullface": "west"},
				"up": {"uv": [0, 15, 1, 16], "rotation": 270, "texture": "#hl", "cullface": "up"},
				"down": {"uv": [0, 0, 1, 1], "rotation": 90, "texture": "#hl", "cullface": "down"}
			}
		},
		{
			"from": [0, 0, 0.5],
			"to": [0.5, 0.5, 15.5],
			"rotation": {"angle": 0, "axis": "y", "origin": [8, 8, 8]},
			"faces": {
				"west": {"uv": [1, 15, 15, 16], "texture": "#hl", "cullface": "west"},
				"down": {"uv": [0, 1, 1, 15], "texture": "#hl", "cullface": "down"}
			}
		},
		{
			"from": [0.5, 0, 15.5],
			"to": [15.5, 0.5, 16],
			"rotation": {"angle": 0, "axis": "y", "origin": [8, 8, 9]},
			"faces": {
				"south": {"uv": [1, 15, 15, 16], "texture": "#hl", "cullface": "south"},
				"down": {"uv": [1, 0, 15, 1], "texture": "#hl", "cullface": "down"}
			}
		},
		{
			"from": [15.5, 0, 0.5],
			"to": [16, 0.5, 15.5],
			"rotation": {"angle": 0, "axis": "y", "origin": [9, 8, 8]},
			"faces": {
				"east": {"uv": [1, 15, 15, 16], "texture": "#hl", "cullface": "east"},
				"down": {"uv": [15, 1, 16, 15], "texture": "#hl", "cullface": "down"}
			}
		},
		{
			"from": [0.5, 0, 0],
			"to": [15.5, 0.5, 0.5],
			"rotation": {"angle": 0, "axis": "y", "origin": [8, 8, 8]},
			"faces": {
				"north": {"uv": [1, 15, 15, 16], "texture": "#hl", "cullface": "north"},
				"down": {"uv": [1, 15, 15, 16], "texture": "#hl", "cullface": "down"}
			}
		}
	],
	"groups": [
		0,
		1,
		2,
		3,
		4,
		5,
		{
			"name": "group",
			"origin": [8, 8, 8],
			"color": 0,
			"children": [6, 7, 8, 9, 10, 11, 12, 13, 14, 15, 16, 17]
		}
	]
}