{
	"credit": "Made by M_zhuangshao with Blockbench",
	"textures": {
		"particle": "block/snow",
		"texture": "block/snow",
		"mlayer": "block/layer/layer_snow"
	},
	"elements": [
		{
			"from": [0.025, 0.025, 0.025],
			"to": [15.975, 7.975, 15.975],
			"faces": {
				"north": {"uv": [0, 8, 16, 16], "texture": "#texture", "cullface": "north"},
				"east": {"uv": [0, 8, 16, 16], "texture": "#texture", "cullface": "east"},
				"south": {"uv": [0, 8, 16, 16], "texture": "#texture", "cullface": "south"},
				"west": {"uv": [0, 8, 16, 16], "texture": "#texture", "cullface": "west"},
				"up": {"uv": [0, 0, 16, 16], "texture": "#texture"},
				"down": {"uv": [0, 0, 16, 16], "texture": "#texture", "cullface": "down"}
			}
		},
		{
			"from": [0.5, 7.5, 0],
			"to": [15.5, 8, 0.5],
			"rotation": {"angle": 0, "axis": "y", "origin": [8, 8, 8]},
			"faces": {
				"north": {"uv": [1, 0, 15, 1], "texture": "#mlayer", "cullface": "north"},
				"up": {"uv": [1, 0, 15, 1], "texture": "#mlayer", "cullface": "up"}
			}
		},
		{
			"from": [15.5, 7.5, 0.5],
			"to": [16, 8, 15.5],
			"rotation": {"angle": 0, "axis": "y", "origin": [8, 8, 8]},
			"faces": {
				"east": {"uv": [1, 0, 15, 1], "texture": "#mlayer", "cullface": "east"},
				"up": {"uv": [15, 1, 16, 15], "texture": "#mlayer", "cullface": "up"}
			}
		},
		{
			"from": [0.5, 7.5, 15.5],
			"to": [15.5, 8, 16],
			"rotation": {"angle": 0, "axis": "y", "origin": [8, 8, 8]},
			"faces": {
				"south": {"uv": [1, 0, 15, 1], "texture": "#mlayer", "cullface": "south"},
				"up": {"uv": [1, 15, 15, 16], "texture": "#mlayer", "cullface": "up"}
			}
		},
		{
			"from": [0, 7.5, 0.5],
			"to": [0.5, 8, 15.5],
			"rotation": {"angle": 0, "axis": "y", "origin": [8, 8, 8]},
			"faces": {
				"west": {"uv": [1, 0, 15, 1], "texture": "#mlayer", "cullface": "west"},
				"up": {"uv": [0, 1, 1, 15], "texture": "#mlayer", "cullface": "up"}
			}
		},
		{
			"from": [0, 0, 0],
			"to": [0.5, 8, 0.5],
			"rotation": {"angle": 0, "axis": "y", "origin": [8, 8, 8]},
			"faces": {
				"north": {"uv": [15, 0, 16, 16], "texture": "#mlayer", "cullface": "north"},
				"west": {"uv": [0, 0, 1, 16], "texture": "#mlayer", "cullface": "west"},
				"up": {"uv": [0, 0, 1, 1], "texture": "#mlayer", "cullface": "up"},
				"down": {"uv": [0, 15, 1, 16], "texture": "#mlayer", "cullface": "down"}
			}
		},
		{
			"from": [15.5, 0, 0],
			"to": [16, 8, 0.5],
			"rotation": {"angle": 0, "axis": "y", "origin": [8, 8, 8]},
			"faces": {
				"north": {"uv": [0, 0, 1, 16], "texture": "#mlayer", "cullface": "north"},
				"east": {"uv": [15, 0, 16, 16], "texture": "#mlayer", "cullface": "east"},
				"up": {"uv": [15, 0, 16, 1], "rotation": 90, "texture": "#mlayer", "cullface": "up"},
				"down": {"uv": [15, 15, 16, 16], "rotation": 270, "texture": "#mlayer", "cullface": "down"}
			}
		},
		{
			"from": [15.5, 0, 15.5],
			"to": [16, 8, 16],
			"rotation": {"angle": 0, "axis": "y", "origin": [8, 8, 8]},
			"faces": {
				"east": {"uv": [0, 0, 1, 16], "texture": "#mlayer", "cullface": "east"},
				"south": {"uv": [15, 0, 16, 16], "texture": "#mlayer", "cullface": "south"},
				"up": {"uv": [15, 15, 16, 16], "rotation": 180, "texture": "#mlayer", "cullface": "up"},
				"down": {"uv": [15, 0, 16, 1], "rotation": 180, "texture": "#mlayer", "cullface": "down"}
			}
		},
		{
			"from": [0, 0, 15.5],
			"to": [0.5, 8, 16],
			"rotation": {"angle": 0, "axis": "y", "origin": [8, 8, 8]},
			"faces": {
				"south": {"uv": [0, 0, 1, 16], "texture": "#mlayer", "cullface": "south"},
				"west": {"uv": [15, 0, 16, 16], "texture": "#mlayer", "cullface": "west"},
				"up": {"uv": [0, 15, 1, 16], "rotation": 270, "texture": "#mlayer", "cullface": "up"},
				"down": {"uv": [0, 0, 1, 1], "rotation": 90, "texture": "#mlayer", "cullface": "down"}
			}
		},
		{
			"from": [0, 0, 0.5],
			"to": [0.5, 0.5, 15.5],
			"rotation": {"angle": 0, "axis": "y", "origin": [8, 8, 8]},
			"faces": {
				"west": {"uv": [1, 15, 15, 16], "texture": "#mlayer", "cullface": "west"},
				"down": {"uv": [0, 1, 1, 15], "texture": "#mlayer", "cullface": "down"}
			}
		},
		{
			"from": [0.5, 0, 15.5],
			"to": [15.5, 0.5, 16],
			"rotation": {"angle": 0, "axis": "y", "origin": [8, 8, 9]},
			"faces": {
				"south": {"uv": [1, 15, 15, 16], "texture": "#mlayer", "cullface": "south"},
				"down": {"uv": [1, 0, 15, 1], "texture": "#mlayer", "cullface": "down"}
			}
		},
		{
			"from": [15.5, 0, 0.5],
			"to": [16, 0.5, 15.5],
			"rotation": {"angle": 0, "axis": "y", "origin": [9, 8, 8]},
			"faces": {
				"east": {"uv": [1, 15, 15, 16], "texture": "#mlayer", "cullface": "east"},
				"down": {"uv": [15, 1, 16, 15], "texture": "#mlayer", "cullface": "down"}
			}
		},
		{
			"from": [0.5, 0, 0],
			"to": [15.5, 0.5, 0.5],
			"rotation": {"angle": 0, "axis": "y", "origin": [8, 8, 8]},
			"faces": {
				"north": {"uv": [1, 15, 15, 16], "texture": "#mlayer", "cullface": "north"},
				"down": {"uv": [1, 15, 15, 16], "texture": "#mlayer", "cullface": "down"}
			}
		}
	],
	"groups": [
		0,
		{
			"name": "group",
			"origin": [8, 8, 8],
			"color": 0,
			"children": [1, 2, 3, 4, 5, 6, 7, 8, 9, 10, 11, 12]
		}
	]
}