{"name":"飛出地球","icon":"beyond_earth:cheese","read_by_default":true,"sortnum":8,"category":"productivebees:bees_modded","flag":"mod:beyond_earth","pages":[{"type":"patchouli:text","text":"用於《Beyond Earth 飛出地球》模組的蜜蜂。"},{"type":"patchouli:text","text":"turn the page"},{"type":"patchouli:text","title":"戴斯蜂","text":"餵食《戴斯方塊》給《$(l:bees/modded/ingot_bees#steel)鋼鐵蜂$(/l)》就會轉變成。","anchor":"desh","flag":"productivebees:desh"},{"type":"patchouli:entity","name":"戴斯蜂","entity":"productivebees:configurable_bee{type:'productivebees:desh'}","flag":"productivebees:desh"},{"type":"patchouli:text","title":"奧斯特蜂","text":"餵食《奧斯特方塊》給《$(l:bees/modded/beyond_earth#desh)戴斯蜂$(/l)》就會轉變成。","anchor":"ostrum","flag":"productivebees:ostrum"},{"type":"patchouli:entity","name":"奧斯特蜂","entity":"productivebees:configurable_bee{type:'productivebees:ostrum'}","flag":"productivebees:ostrum"},{"type":"patchouli:text","title":"卡路萊蜂","text":"餵食《卡路萊方塊》給《$(l:bees/modded/beyond_earth#ostrum)奧斯特蜂$(/l)》就會轉變成。","anchor":"ostrum","flag":"productivebees:ostrum"},{"type":"patchouli:entity","name":"卡路萊蜂","entity":"productivebees:configurable_bee{type:'productivebees:ostrum'}","flag":"productivebees:ostrum"}]}