{"name":"寶石蜜蜂","icon":"minecraft:diamond","read_by_default":true,"sortnum":2,"category":"productivebees:bees_modded","pages":[{"type":"patchouli:text","text":"如果你安裝的模組有新增寶石, 你也許能找到這種寶石的蜜蜂。"},{"type":"patchouli:empty","draw_filler":false},{"type":"patchouli:text","title":"瑪瑙蜂","text":"用瑪瑙使《$(l:bees/hive/diamond)鑽石蜂$(/l)》轉變而來。","anchor":"agate","flag":"productivebees:agate"},{"type":"patchouli:entity","name":"瑪瑙蜂","entity":"productivebees:configurable_bee{type:'productivebees:agate'}","flag":"productivebees:agate"},{"type":"patchouli:text","title":"變石蜂","text":"用變石使《$(l:bees/hive/diamond)鑽石蜂$(/l)》轉變而來。","anchor":"alexandrite","flag":"productivebees:alexandrite"},{"type":"patchouli:entity","name":"變石蜂","entity":"productivebees:configurable_bee{type:'productivebees:alexandrite'}","flag":"productivebees:alexandrite"},{"type":"patchouli:text","title":"琥珀蜂","text":"用琥珀使《$(l:bees/hive/diamond)鑽石蜂$(/l)》轉變而來。","anchor":"amber","flag":"productivebees:amber"},{"type":"patchouli:entity","name":"琥珀蜂","entity":"productivebees:configurable_bee{type:'productivebees:amber'}","flag":"productivebees:amber"},{"type":"patchouli:text","title":"紫水晶蜂","text":"用紫水晶使《$(l:bees/hive/diamond)鑽石蜂$(/l)》轉變而來。","anchor":"amethyst","flag":"productivebees:amethyst"},{"type":"patchouli:entity","name":"紫水晶蜂","entity":"productivebees:configurable_bee{type:'productivebees:amethyst'}","flag":"productivebees:amethyst"},{"type":"patchouli:text","title":"紫黃晶蜂","text":"用紫黃晶使《$(l:bees/hive/diamond)鑽石蜂$(/l)》轉變而來。","anchor":"ametrine","flag":"productivebees:ametrine"},{"type":"patchouli:entity","name":"紫黃晶蜂","entity":"productivebees:configurable_bee{type:'productivebees:ametrine'}","flag":"productivebees:ametrine"},{"type":"patchouli:text","title":"斑彩石蜂","text":"用斑彩石使《$(l:bees/hive/diamond)鑽石蜂$(/l)》轉變而來。","anchor":"ammolite","flag":"productivebees:ammolite"},{"type":"patchouli:entity","name":"斑彩石蜂","entity":"productivebees:configurable_bee{type:'productivebees:ammolite'}","flag":"productivebees:ammolite"},{"type":"patchouli:text","title":"磷灰石蜂","text":"用磷灰石使《$(l:bees/hive/diamond)鑽石蜂$(/l)》轉變而來。","anchor":"apatite","flag":"productivebees:apatite"},{"type":"patchouli:entity","name":"磷灰石蜂","entity":"productivebees:configurable_bee{type:'productivebees:apatite'}","flag":"productivebees:apatite"},{"type":"patchouli:text","title":"海藍寶石蜂","text":"用海藍寶石使《$(l:bees/hive/diamond)鑽石蜂$(/l)》轉變而來。","anchor":"aquamarine","flag":"productivebees:aquamarine"},{"type":"patchouli:entity","name":"海藍寶石蜂","entity":"productivebees:configurable_bee{type:'productivebees:aquamarine'}","flag":"productivebees:aquamarine"},{"type":"patchouli:text","title":"藍錐礦蜂","text":"用藍錐礦使《$(l:bees/hive/diamond)鑽石蜂$(/l)》轉變而來。","anchor":"benitoite","flag":"productivebees:benitoite"},{"type":"patchouli:entity","name":"藍錐礦蜂","entity":"productivebees:configurable_bee{type:'productivebees:benitoite'}","flag":"productivebees:benitoite"},{"type":"patchouli:text","title":"黑鑽蜂","text":"用黑鑽石使《$(l:bees/hive/diamond)鑽石蜂$(/l)》轉變而來。","anchor":"black_diamond","flag":"productivebees:black_diamond"},{"type":"patchouli:entity","name":"黑鑽蜂","entity":"productivebees:configurable_bee{type:'productivebees:black_diamond'}","flag":"productivebees:black_diamond"},{"type":"patchouli:text","title":"黑蛋白石蜂","text":"用黑蛋白石使《$(l:bees/hive/diamond)鑽石蜂$(/l)》轉變而來。","anchor":"black_opal","flag":"productivebees:black_opal"},{"type":"patchouli:entity","name":"黑蛋白石蜂","entity":"productivebees:configurable_bee{type:'productivebees:black_opal'}","flag":"productivebees:black_opal"},{"type":"patchouli:text","title":"紅玉髓蜂","text":"用紅玉髓使《$(l:bees/hive/diamond)鑽石蜂$(/l)》轉變而來。","anchor":"carnelian","flag":"productivebees:carnelian"},{"type":"patchouli:entity","name":"紅玉髓蜂","entity":"productivebees:configurable_bee{type:'productivebees:carnelian'}","flag":"productivebees:carnelian"},{"type":"patchouli:text","title":"貓眼石蜂","text":"用貓眼石使《$(l:bees/hive/diamond)鑽石蜂$(/l)》轉變而來。","anchor":"cats_eye","flag":"productivebees:cats_eye"},{"type":"patchouli:entity","name":"貓眼石蜂","entity":"productivebees:configurable_bee{type:'productivebees:cats_eye'}","flag":"productivebees:cats_eye"},{"type":"patchouli:text","title":"綠玉髓蜂","text":"用綠玉髓使《$(l:bees/hive/diamond)鑽石蜂$(/l)》轉變而來。","anchor":"chrysoprase","flag":"productivebees:chrysoprase"},{"type":"patchouli:entity","name":"綠玉髓蜂","entity":"productivebees:configurable_bee{type:'productivebees:chrysoprase'}","flag":"productivebees:chrysoprase"},{"type":"patchouli:text","title":"硃砂蜂","text":"用硃砂使《$(l:bees/hive/diamond)鑽石蜂$(/l)》轉變而來。","anchor":"cinnabar","flag":"productivebees:cinnabar"},{"type":"patchouli:entity","name":"硃砂蜂","entity":"productivebees:configurable_bee{type:'productivebees:cinnabar'}","flag":"productivebees:cinnabar"},{"type":"patchouli:text","title":"黃水晶蜂","text":"用黃水晶使《$(l:bees/hive/diamond)鑽石蜂$(/l)》轉變而來。","anchor":"citrine","flag":"productivebees:citrine"},{"type":"patchouli:entity","name":"黃水晶蜂","entity":"productivebees:configurable_bee{type:'productivebees:citrine'}","flag":"productivebees:citrine"},{"type":"patchouli:text","title":"珊瑚蜂","text":"用珊瑚使《$(l:bees/hive/diamond)鑽石蜂$(/l)》轉變而來。","anchor":"coral","flag":"productivebees:coral"},{"type":"patchouli:entity","name":"珊瑚蜂","entity":"productivebees:configurable_bee{type:'productivebees:coral'}","flag":"productivebees:coral"},{"type":"patchouli:text","title":"藍柱石蜂","text":"用藍柱石使《$(l:bees/hive/diamond)鑽石蜂$(/l)》轉變而來。","anchor":"euclase","flag":"productivebees:euclase"},{"type":"patchouli:entity","name":"藍柱石蜂","entity":"productivebees:configurable_bee{type:'productivebees:euclase'}","flag":"productivebees:euclase"},{"type":"patchouli:text","title":"螢石蜂","text":"用螢石使《$(l:bees/hive/diamond)鑽石蜂$(/l)》轉變而來。","anchor":"fluorite","flag":"productivebees:fluorite"},{"type":"patchouli:entity","name":"螢石蜂","entity":"productivebees:configurable_bee{type:'productivebees:fluorite'}","flag":"productivebees:fluorite"},{"type":"patchouli:text","title":"石榴石蜂","text":"用石榴石使《$(l:bees/hive/diamond)鑽石蜂$(/l)》轉變而來。","anchor":"garnet","flag":"productivebees:garnet"},{"type":"patchouli:entity","name":"石榴石蜂","entity":"productivebees:configurable_bee{type:'productivebees:garnet'}","flag":"productivebees:garnet"},{"type":"patchouli:text","title":"綠色藍寶石蜂","text":"用綠色藍寶石使《$(l:bees/hive/diamond)鑽石蜂$(/l)》轉變而來。","anchor":"green_sapphire","flag":"productivebees:green_sapphire"},{"type":"patchouli:entity","name":"綠色藍寶石蜂","entity":"productivebees:configurable_bee{type:'productivebees:green_sapphire'}","flag":"productivebees:green_sapphire"},{"type":"patchouli:text","title":"金綠柱石蜂","text":"用金綠柱石使《$(l:bees/hive/diamond)鑽石蜂$(/l)》轉變而來。","anchor":"heliodor","flag":"productivebees:heliodor"},{"type":"patchouli:entity","name":"金綠柱石蜂","entity":"productivebees:configurable_bee{type:'productivebees:heliodor'}","flag":"productivebees:heliodor"},{"type":"patchouli:text","title":"堇青石蜂","text":"用堇青石使《$(l:bees/hive/diamond)鑽石蜂$(/l)》轉變而來。","anchor":"iolite","flag":"productivebees:iolite"},{"type":"patchouli:entity","name":"堇青石蜂","entity":"productivebees:configurable_bee{type:'productivebees:iolite'}","flag":"productivebees:iolite"},{"type":"patchouli:text","title":"玉石蜂","text":"用玉石使《$(l:bees/hive/diamond)鑽石蜂$(/l)》轉變而來。","anchor":"jade","flag":"productivebees:jade"},{"type":"patchouli:entity","name":"玉石蜂","entity":"productivebees:configurable_bee{type:'productivebees:jade'}","flag":"productivebees:jade"},{"type":"patchouli:text","title":"碧玉蜂","text":"用碧玉使《$(l:bees/hive/diamond)鑽石蜂$(/l)》轉變而來。","anchor":"jasper","flag":"productivebees:jasper"},{"type":"patchouli:entity","name":"碧玉蜂","entity":"productivebees:configurable_bee{type:'productivebees:jasper'}","flag":"productivebees:jasper"},{"type":"patchouli:text","title":"紫鋰輝石蜂","text":"用紫鋰輝石使《$(l:bees/hive/diamond)鑽石蜂$(/l)》轉變而來。","anchor":"kunzite","flag":"productivebees:kunzite"},{"type":"patchouli:entity","name":"紫鋰輝石蜂","entity":"productivebees:configurable_bee{type:'productivebees:kunzite'}","flag":"productivebees:kunzite"},{"type":"patchouli:text","title":"藍晶石蜂","text":"用藍晶石使《$(l:bees/hive/diamond)鑽石蜂$(/l)》轉變而來。","anchor":"kyanite","flag":"productivebees:kyanite"},{"type":"patchouli:entity","name":"藍晶石蜂","entity":"productivebees:configurable_bee{type:'productivebees:kyanite'}","flag":"productivebees:kyanite"},{"type":"patchouli:text","title":"鱗雲母蜂","text":"用鱗雲母使《$(l:bees/hive/diamond)鑽石蜂$(/l)》轉變而來。","anchor":"lepidolite","flag":"productivebees:lepidolite"},{"type":"patchouli:entity","name":"鱗雲母蜂","entity":"productivebees:configurable_bee{type:'productivebees:lepidolite'}","flag":"productivebees:lepidolite"},{"type":"patchouli:text","title":"孔雀石蜂","text":"用孔雀石使《$(l:bees/hive/diamond)鑽石蜂$(/l)》轉變而來。","anchor":"malachite","flag":"productivebees:malachite"},{"type":"patchouli:entity","name":"孔雀石蜂","entity":"productivebees:configurable_bee{type:'productivebees:malachite'}","flag":"productivebees:malachite"},{"type":"patchouli:text","title":"綠玻隕石蜂","text":"用綠玻隕石使《$(l:bees/hive/diamond)鑽石蜂$(/l)》轉變而來。","anchor":"moldavite","flag":"productivebees:moldavite"},{"type":"patchouli:entity","name":"綠玻隕石蜂","entity":"productivebees:configurable_bee{type:'productivebees:moldavite'}","flag":"productivebees:moldavite"},{"type":"patchouli:text","title":"月光石蜂","text":"用月光石使《$(l:bees/hive/diamond)鑽石蜂$(/l)》轉變而來。","anchor":"moonstone","flag":"productivebees:moonstone"},{"type":"patchouli:entity","name":"月光石蜂","entity":"productivebees:configurable_bee{type:'productivebees:moonstone'}","flag":"productivebees:moonstone"},{"type":"patchouli:text","title":"摩根石蜂","text":"用摩根石使《$(l:bees/hive/diamond)鑽石蜂$(/l)》轉變而來。","anchor":"morganite","flag":"productivebees:morganite"},{"type":"patchouli:entity","name":"摩根石蜂","entity":"productivebees:configurable_bee{type:'productivebees:morganite'}","flag":"productivebees:morganite"},{"type":"patchouli:text","title":"縞瑪瑙蜂","text":"用縞瑪瑙使《$(l:bees/hive/diamond)鑽石蜂$(/l)》轉變而來。","anchor":"onyx","flag":"productivebees:onyx"},{"type":"patchouli:entity","name":"縞瑪瑙蜂","entity":"productivebees:configurable_bee{type:'productivebees:onyx'}","flag":"productivebees:onyx"},{"type":"patchouli:text","title":"蛋白石蜂","text":"用蛋白石使《$(l:bees/hive/diamond)鑽石蜂$(/l)》轉變而來。","anchor":"opal","flag":"productivebees:opal"},{"type":"patchouli:entity","name":"蛋白石蜂","entity":"productivebees:configurable_bee{type:'productivebees:opal'}","flag":"productivebees:opal"},{"type":"patchouli:text","title":"珍珠蜂","text":"用珍珠使《$(l:bees/hive/diamond)鑽石蜂$(/l)》轉變而來。","anchor":"pearl","flag":"productivebees:pearl"},{"type":"patchouli:entity","name":"珍珠蜂","entity":"productivebees:configurable_bee{type:'productivebees:pearl'}","flag":"productivebees:pearl"},{"type":"patchouli:text","title":"橄欖石蜂","text":"用橄欖石使《$(l:bees/hive/diamond)鑽石蜂$(/l)》轉變而來。","anchor":"peridot","flag":"productivebees:peridot"},{"type":"patchouli:entity","name":"橄欖石蜂","entity":"productivebees:configurable_bee{type:'productivebees:peridot'}","flag":"productivebees:peridot"},{"type":"patchouli:text","title":"磷葉石蜂","text":"用磷葉石使《$(l:bees/hive/diamond)鑽石蜂$(/l)》轉變而來。","anchor":"phosphophyllite","flag":"productivebees:phosphophyllite"},{"type":"patchouli:entity","name":"磷葉石蜂","entity":"productivebees:configurable_bee{type:'productivebees:phosphophyllite'}","flag":"productivebees:phosphophyllite"},{"type":"patchouli:text","title":"鎂鋁榴石蜂","text":"用鎂鋁榴石使《$(l:bees/hive/diamond)鑽石蜂$(/l)》轉變而來。","anchor":"pyrope","flag":"productivebees:pyrope"},{"type":"patchouli:entity","name":"鎂鋁榴石蜂","entity":"productivebees:configurable_bee{type:'productivebees:pyrope'}","flag":"productivebees:pyrope"},{"type":"patchouli:text","title":"玫瑰石英蜂","text":"用玫瑰石英使《$(l:bees/hive/diamond)鑽石蜂$(/l)》轉變而來。","anchor":"rose_quartz","flag":"productivebees:rose_quartz"},{"type":"patchouli:entity","name":"玫瑰石英蜂","entity":"productivebees:configurable_bee{type:'productivebees:rose_quartz'}","flag":"productivebees:rose_quartz"},{"type":"patchouli:text","title":"紅寶石蜂","text":"用紅寶石使《$(l:bees/hive/diamond)鑽石蜂$(/l)》轉變而來。","anchor":"ruby","flag":"productivebees:ruby"},{"type":"patchouli:entity","name":"紅寶石蜂","entity":"productivebees:configurable_bee{type:'productivebees:ruby'}","flag":"productivebees:ruby"},{"type":"patchouli:text","title":"藍寶石蜂","text":"用藍寶石使《$(l:bees/hive/diamond)鑽石蜂$(/l)》轉變而來。","anchor":"sapphire","flag":"productivebees:sapphire"},{"type":"patchouli:entity","name":"藍寶石蜂","entity":"productivebees:configurable_bee{type:'productivebees:sapphire'}","flag":"productivebees:sapphire"},{"type":"patchouli:text","title":"方鈉石蜂","text":"用方鈉石使《$(l:bees/hive/diamond)鑽石蜂$(/l)》轉變而來。","anchor":"sodalite","flag":"productivebees:sodalite"},{"type":"patchouli:entity","name":"方鈉石蜂","entity":"productivebees:configurable_bee{type:'productivebees:sodalite'}","flag":"productivebees:sodalite"},{"type":"patchouli:text","title":"尖晶石蜂","text":"用尖晶石使《$(l:bees/hive/diamond)鑽石蜂$(/l)》轉變而來。","anchor":"spinel","flag":"productivebees:spinel"},{"type":"patchouli:entity","name":"尖晶石蜂","entity":"productivebees:configurable_bee{type:'productivebees:spinel'}","flag":"productivebees:spinel"},{"type":"patchouli:text","title":"太陽石蜂","text":"用太陽石使《$(l:bees/hive/diamond)鑽石蜂$(/l)》轉變而來。","anchor":"sunstone","flag":"productivebees:sunstone"},{"type":"patchouli:entity","name":"太陽石蜂","entity":"productivebees:configurable_bee{type:'productivebees:sunstone'}","flag":"productivebees:sunstone"},{"type":"patchouli:text","title":"坦桑石蜂","text":"用坦桑石使《$(l:bees/hive/diamond)鑽石蜂$(/l)》轉變而來。","anchor":"tanzanite","flag":"productivebees:tanzanite"},{"type":"patchouli:entity","name":"坦桑石蜂","entity":"productivebees:configurable_bee{type:'productivebees:tanzanite'}","flag":"productivebees:tanzanite"},{"type":"patchouli:text","title":"似曜岩蜂","text":"用似曜岩使《$(l:bees/hive/diamond)鑽石蜂$(/l)》轉變而來。","anchor":"tektite","flag":"productivebees:tektite"},{"type":"patchouli:entity","name":"似曜岩蜂","entity":"productivebees:configurable_bee{type:'productivebees:tektite'}","flag":"productivebees:tektite"},{"type":"patchouli:text","title":"黃玉蜂","text":"用黃玉使《$(l:bees/hive/diamond)鑽石蜂$(/l)》轉變而來。","anchor":"topaz","flag":"productivebees:topaz"},{"type":"patchouli:entity","name":"黃玉蜂","entity":"productivebees:configurable_bee{type:'productivebees:topaz'}","flag":"productivebees:topaz"},{"type":"patchouli:text","title":"電氣石蜂","text":"用電氣石使《$(l:bees/hive/diamond)鑽石蜂$(/l)》轉變而來。","anchor":"tourmaline","flag":"productivebees:tourmaline"},{"type":"patchouli:entity","name":"電氣石蜂","entity":"productivebees:configurable_bee{type:'productivebees:tourmaline'}","flag":"productivebees:tourmaline"},{"type":"patchouli:text","title":"綠松石蜂","text":"用綠松石使《$(l:bees/hive/diamond)鑽石蜂$(/l)》轉變而來。","anchor":"turquoise","flag":"productivebees:turquoise"},{"type":"patchouli:entity","name":"綠松石蜂","entity":"productivebees:configurable_bee{type:'productivebees:turquoise'}","flag":"productivebees:turquoise"},{"type":"patchouli:text","title":"黃鑽蜂","text":"用黃鑽石使《$(l:bees/hive/diamond)鑽石蜂$(/l)》轉變而來。","anchor":"white_diamond","flag":"productivebees:white_diamond"},{"type":"patchouli:entity","name":"黃鑽蜂","entity":"productivebees:configurable_bee{type:'productivebees:white_diamond'}","flag":"productivebees:white_diamond"},{"type":"patchouli:text","title":"鋯石蜂","text":"用鋯石使《$(l:bees/hive/diamond)鑽石蜂$(/l)》轉變而來。","anchor":"zircon","flag":"productivebees:zircon"},{"type":"patchouli:entity","name":"鋯石蜂","entity":"productivebees:configurable_bee{type:'productivebees:zircon'}","flag":"productivebees:zircon"}]}