{"name":"神秘農業","icon":"mysticalagriculture:infusion_altar","read_by_default":true,"sortnum":8,"category":"productivebees:bees_modded","flag":"mod:mysticalagriculture","pages":[{"type":"patchouli:text","text":"用於《Mystical Agriculture 神秘農業》及其延伸模組的蜜蜂。"},{"type":"patchouli:text","text":"turn the page"},{"type":"patchouli:text","title":"活化水晶蜂","text":"這種蜜蜂無法培育。其生怪蛋要用《$(l:bees/mod/bees/mystical_agriculture#inferium)基本精華蜂$(/l)》生怪蛋在灌注祭壇上製作","anchor":"prosperity","flag":"productivebees:prosperity"},{"type":"patchouli:entity","name":"活化水晶蜂","entity":"productivebees:configurable_bee{type:'productivebees:prosperity'}","flag":"productivebees:prosperity"},{"type":"patchouli:text","title":"靈魂金屬蜂","text":"用《離魂匕首》使《$(l:bees/wild/ghostly)幽靈蜂$(/l)》轉變而來。","anchor":"soulium","flag":"productivebees:soulium"},{"type":"patchouli:entity","name":"靈魂金屬蜂","entity":"productivebees:configurable_bee{type:'productivebees:soulium'}","flag":"productivebees:soulium"},{"type":"patchouli:text","title":"基本精華蜂","text":"這種蜜蜂無法培育。其生怪蛋要用《$(l:bees/mod/bees/mystical_agriculture#prosperity)活化水晶蜂$(/l)》生怪蛋在灌注祭壇上製作","anchor":"inferium","flag":"productivebees:inferium"},{"type":"patchouli:entity","name":"基本精華蜂","entity":"productivebees:configurable_bee{type:'productivebees:inferium'}","flag":"productivebees:inferium"},{"type":"patchouli:text","title":"初級精華蜂","text":"這種蜜蜂無法培育。其生怪蛋要用《$(l:bees/mod/bees/mystical_agriculture#inferium)基本精華蜂$(/l)》生怪蛋在灌注祭壇上製作","anchor":"prudentium","flag":"productivebees:prudentium"},{"type":"patchouli:entity","name":"初級精華蜂","entity":"productivebees:configurable_bee{type:'productivebees:prudentium'}","flag":"productivebees:prudentium"},{"type":"patchouli:text","title":"中級精華蜂","text":"這種蜜蜂無法培育。其生怪蛋要用《$(l:bees/mod/bees/mystical_agriculture#prudentium)初級精華蜂$(/l)》生怪蛋在灌注祭壇上製作","anchor":"tertium","flag":"productivebees:tertium"},{"type":"patchouli:entity","name":"中級精華蜂","entity":"productivebees:configurable_bee{type:'productivebees:tertium'}","flag":"productivebees:tertium"},{"type":"patchouli:text","title":"高級精華蜂","text":"這種蜜蜂無法培育。其生怪蛋要用《$(l:bees/mod/bees/mystical_agriculture#tertium)中級精華蜂$(/l)》生怪蛋在灌注祭壇上製作","anchor":"imperium","flag":"productivebees:imperium"},{"type":"patchouli:entity","name":"高級精華蜂","entity":"productivebees:configurable_bee{type:'productivebees:imperium'}","flag":"productivebees:imperium"},{"type":"patchouli:text","title":"終極精華蜂","text":"這種蜜蜂無法培育。其生怪蛋要用《$(l:bees/mod/bees/mystical_agriculture#imperium)高級精華蜂$(/l)》生怪蛋在灌注祭壇上製作","anchor":"supremium","flag":"productivebees:supremium"},{"type":"patchouli:entity","name":"終極精華蜂","entity":"productivebees:configurable_bee{type:'productivebees:supremium'}","flag":"productivebees:supremium"},{"type":"patchouli:text","title":"究極精華蜂","text":"這種蜜蜂無法培育。其生怪蛋要用《$(l:bees/mod/bees/mystical_agriculture#supremium)終極精華蜂$(/l)》生怪蛋在灌注祭壇上製作","anchor":"insanium","flag":"productivebees:insanium"},{"type":"patchouli:entity","name":"究極精華蜂","entity":"productivebees:configurable_bee{type:'productivebees:insanium'}","flag":"productivebees:insanium"}]}