{"name":"熱能擴展","icon":"thermal:chiller","read_by_default":true,"sortnum":8,"category":"productivebees:bees_modded","flag":"mod:thermal","pages":[{"type":"patchouli:text","text":"用於《Thermal 熱能擴展》模組的蜜蜂。這裡只列出特殊材料的蜜蜂, 像是銅或錫之類的一般原料蜜蜂請參閱$(l:bees/modded/ingot_bees)金屬錠蜜蜂$(/l)章節。"},{"type":"patchouli:text","text":"turn the page"},{"type":"patchouli:text","title":"大地蜂","text":"這種蜜蜂無法培育。其生怪蛋要用《$(l:bees/hive/diamond)鑽石蜂$(/l)》生怪蛋在《融煉爐》中製作。","anchor":"basalz","flag":"productivebees:basalz"},{"type":"patchouli:entity","name":"大地蜂","entity":"productivebees:configurable_bee{type:'productivebees:basalz'}","flag":"productivebees:basalz"},{"type":"patchouli:text","title":"雷電蜂","text":"這種蜜蜂無法培育。其生怪蛋要用《$(l:bees/hive/diamond)鑽石蜂$(/l)》生怪蛋在《融煉爐》中製作。","anchor":"blitz","flag":"productivebees:blitz"},{"type":"patchouli:entity","name":"雷電蜂","entity":"productivebees:configurable_bee{type:'productivebees:blitz'}","flag":"productivebees:blitz"},{"type":"patchouli:text","title":"寒冰蜂","text":"這種蜜蜂無法培育。其生怪蛋要用《$(l:bees/hive/diamond)鑽石蜂$(/l)》生怪蛋在《冷凍機》中製作。","anchor":"blizz","flag":"productivebees:blizz"},{"type":"patchouli:entity","name":"寒冰蜂","entity":"productivebees:configurable_bee{type:'productivebees:blizz'}","flag":"productivebees:blizz"}]}