{"name":"蜜蜂籠","icon":"productivebees:bee_cage","category":"productivebees:items","pages":[{"type":"patchouli:spotlight","item":"productivebees:bee_cage","text":"《蜜蜂籠》用來捕捉蜜蜂, 以便存放或運送。拿著蜜蜂籠對蜜蜂點擊滑鼠右鍵就能捕捉蜜蜂, 之後再對著地面點擊滑鼠右鍵就能將蜜蜂放出。$(br2)外出時別忘了身上準備幾個蜜蜂籠, 說不定路上會遇到有趣的蜜蜂。"},{"type":"patchouli:crafting","recipe":"productivebees:bee_cage","text":"遊戲初期便可輕易取得"},{"type":"patchouli:text","text":"對著適合的花朵釋放蜜蜂, 可讓蜜蜂記住這個花朵的位置。而潛行時對著可用的蜂箱或巢穴釋放蜜蜂, 則可使牠們將這裡作為居住的地方。"}]}