{"name":"基礎教學","sortnum":0,"category":"laserio:mechanics","icon":"laserio:logic_chip","pages":[{"type":"patchouli:text","text":"將卡片拿在手上時，點擊右鍵可以開啟它的 GUI。你也可以在$(l:laserio:laser_node)雷射節點$(/l)的介面中右鍵點擊打開它。$(br2)輸入模式：$(br)1. $(l:laserio:modes)模式$(/l)$(br)2. $(l:laserio:sneaky)連接側$(/l)$(br)3. 篩選器$(br)4. $(l:laserio:overclocker_card)卡片超頻$(/l)$(br)5. $(l:laserio:priority)優先權$(/l)$(br)6. $(l:laserio:channel)頻道$(/l)$(br)7. $(l:laserio:redstonemode)紅石模式$(/l)$(br)8. $(l:laserio:redstonechannel)紅石頻道$(/l)"},{"type":"patchouli:image","title":"輸入模式介面","images":["laserio:textures/book/entries/basics1.png"],"border":true,"text":"設為輸入模式的物品卡。"},{"type":"patchouli:text","text":"提取模式：$(br2)1. $(l:laserio:modes)模式$(/l)$(br)2. $(l:laserio:sneaky)連接側$(/l)$(br)3. $(l:laserio:roundrobin)輪詢調度$(/l)$(br)4. $(l:laserio:exact)精確模式$(/l)$(br)5. 篩選器$(br)6. $(l:laserio:overclocker_card)卡片超頻$(/l)$(br)7. $(l:laserio:extractamount)提取數量$(/l)$(br)8. $(l:laserio:tickspeed)Tick 速率$(/l)$(br)9. $(l:laserio:channel)頻道$(/l)"},{"type":"patchouli:image","title":"提取模式介面","images":["laserio:textures/book/entries/basics-extract.png"],"border":true,"text":"設為提取模式的物品卡。"},{"type":"patchouli:text","text":"庫存模式：$(br2)1. $(l:laserio:modes)模式$(/l)$(br)2. $(l:laserio:sneaky)連接側$(/l)$(br)3. $(l:laserio:regulate)管控模式$(/l)$(br)4. $(l:laserio:exact)精確模式$(/l)$(br)5. 篩選器$(br)6. $(l:laserio:overclocker_card)卡片超頻$(/l)$(br)7. $(l:laserio:extractamount)提取數量$(/l)$(br)8. $(l:laserio:tickspeed)Tick 速率$(/l)$(br)9. $(l:laserio:channel)頻道$(/l)"},{"type":"patchouli:image","title":"庫存模式介面","images":["laserio:textures/book/entries/basics-stock.png"],"border":true,"text":"設為庫存模式的物品卡。"}]}