{"processor":"cofh.thermal.core.compat.patchouli.SmelterProcessor","components":[{"type":"patchouli:header","text":"#title","x":-1,"y":-1},{"type":"patchouli:image","image":"patchouli:textures/gui/crafting.png","width":9,"height":9,"u":65,"v":27,"texture_width":128,"texture_height":256,"x":76,"y":18},{"type":"patchouli:image","image":"patchouli:textures/gui/crafting.png","width":24,"height":24,"u":21,"v":103,"texture_width":128,"texture_height":256,"x":51,"y":11},{"type":"patchouli:item","item":"#in1","framed":true,"x":5,"y":15},{"type":"patchouli:item","item":"#in2","framed":true,"x":30,"y":15},{"type":"patchouli:item","item":"#in3","framed":false,"x":55,"y":15},{"type":"patchouli:item","item":"#out","framed":true,"x":91,"y":15},{"type":"patchouli:text","text":"#text","x":0,"y":45}]}